{"bounds":{"east":87.69192695617676,"north":44.33798789978027,"south":43.89784812927246,"west":87.25178718566895},"contentType":"quantizedmesh","latLonBounds":{"east":87.69192695617676,"north":44.33798789978027,"south":43.89784812927246,"west":87.25178718566895},"maxzoom":14,"minzoom":0,"proj":4326,"tiletrans":"tms","type":"terrain","ziped":false}